{
	"k1": 0.12079316788730118,
        "k2": -0.26522267758028134,
        "k3": 0,
        "k4": 0,
        "p1": -0.0015222477960390676,
        "p2": 0.0005044829242852293,
        "w": 1920.0,
        "h": 1080.0,
        "fl_x": 1364.9868552946584,
        "fl_y": 1364.3790676406236,
        "cx": 973.5804734015358,
        "cy": 542.0366067547649,
        "is_fisheye": false
}
