{
        "k1": 0.044328436678101248,
        "k2": -0.075047587592765308,
        "k3": 0,
        "k4": 0,
        "p1": -0.00066150976694112108,
        "p2": -0.001278387220594352,
        "w": 1920.0,
        "h": 1080.0,
        "camera_angle_x": 0.7594386223601196,
        "camera_angle_y": 0.762654467674093,
        "fl_x": 1351.995,
        "fl_y": 1352.7857025,
        "is_fisheye": false,
        "cx": 962.1225,
        "cy": 559.7568
}

